,user,averages_distance,variances_distance
0,4ura3429lz6lq6xs5itaoqiyi,0.24,195.16222653337812
1,1263232932,0.29,222.0268454097292
2,spotify,0.2,104.57438903148352
3,dewar555,0.24,80.59092415037009
4,22jtg5pm3st6hnvc4tgubnviy,0.28,317.76137492021445
5,itsmythixx,0.2,292.6738574797584
6,gonnarxpeyou,0.1,135.66560656149292
7,awesomepersoncc,0.17,106.62635423037706
8,124980954,0.21,205.10540238015236
9,eliasalwan10,0.19,152.65724753728068
10,12135902319,0.17,115.1871939826756
11,matthewwalker101,0.25,204.98245097200444
12,reachrecords,0.31,330.9325990070291
13,1241017830,0.3,188.99169571643867
14,whatuprg,0.28,512.2861525981091
15,129332091,0.15,288.0019838872709
16,1268228142,0.18,187.46585093843484
17,1252605301,0.52,283.778028500961
18,loadcap,0.27,384.16373749434007
19,hollywdrecrds,0.18,191.159297398638
20,113369986,0.2,272.84302679844984
21,edsheeran,0.18,590.2366796024003
22,popitlikeatart17,0.2,220.55992345745727
23,1213737756,0.14,465.87869031382604
24,dariuscatheld,0.16,135.86634608343078
25,bunnycrusha,0.3,183.80908352619682
26,iam3,0.38,236.25861278238858
27,disis,0.8,333.9630824796132
28,renatoneca,0.44,336.96795428445
29,sagi-shi,0.39,190.55020638163276
30,12167986983,0.28,80.5471160147143
31,w3arycod3r,0.49,289.0096171775706
32,1166084041,0.23,96.46945566686921
33,12134593994,0.44,471.439121921698
34,jalen993,0.27,224.2070550969265
35,benbealmusic,0.33,396.7182400833629
36,ogjustatinxd,0.72,720.1853331777249
37,e07a1ftrxf0vnpyrrw5j1iwb1,0.77,782.6305716985545
38,_calvani_,0.19,374.1159250046159
39,soundplate,0.5,465.68058393388924
40,bigbeatrecords,0.38,656.6775564836797
41,myfearofmusic,0.24,248.58346588465957
42,225c4ndhiuu4pezo62nxzie7i,0.21,88.36215343803153
43,12132541020,0.41,359.7948677265385
44,apulianda,0.18,148.78983791654338
45,jakedeee,0.12,100.16846296458236
46,camillazi,0.15,264.29598681468946
47,myplay.com,0.19,279.9616474875997
48,allchillnations,0.19,383.7991539943968
49,brandonkaureaux,0.25,243.03517138299281
50,alltrapnation,0.3,374.4742564490269
51,1kphew,0.34,604.9343851003804
52,gawvi,0.29,241.2181068565756
53,espnmusic,0.31,151.5409156447515
54,sozoofficial,0.23,444.97585068971017
55,22x3nmljf6ok6t2gmeof6jtzy,0.33,591.5869179563488
56,mykaelv95,0.25,68.66165765635878
57,soundrop,0.22,61.48167673513967
58,wrightyp100,0.4,517.7383780964342
59,legacyrecordings,0.33,341.599666589774
60,suicidesheepify,0.3,427.1429463030167
61,allhousenation,0.45,887.7795450446271
62,tncrecordings,0.34,512.3938542408274
63,spinninrecordsofficial,0.42,765.6070350984543
64,sofia_carson_,0.28,459.21330788102995
65,1257980087,0.42,254.8266892814204
66,tini_official,0.24,424.8688355137489
67,sabrina_carpenter,0.12,160.51908148642738
68,olivia_holt_,0.28,256.8835522750169
69,1247342306,0.07,155.36934576725926
70,1245233075,0.25,93.20055225185516
71,iu4dbn211o3jz2gc8d1eeavu3,0.2,304.5097574294681
72,sushibomberz,0.26,182.05501338201043
73,wavegangchigs,0.17,203.50115245498588
74,1213886451,0.35,317.6099932464693
75,hp_deskcraft_2500,0.35,113.27846033835577
76,taybrouillet123,0.18,130.95231237107848
77,zz0p10htj4g9iwow9lffdhzfj,0.68,681.3889695959546
78,1174030805,0.46,804.5536661051437
79,fabianfarell,0.28,434.3000735289359
80,6pfhllxfz62pdnjbqecw1ff4t,0.5,752.8671637513118
81,21gozfqzp762vy7k7glyp62ka,0.29,698.9070833606788
82,l21a6r6fvin40vzb888j3iww2,0.35,442.8191263792172
83,tunemunk,0.28,149.27324774224363
84,teocida,0.38,272.58356795212524
85,efufwwamfcimlwh6l1q6ca6vd,0.26,138.1205355497411
86,ishfi2lctxk2n9n2t8fsggv79,0.21,223.5049812653576
87,eyaysr5q9jp5xm25la4fwcf25,0.34,573.2616912708087
88,6rhg3tnhxm2zi3kxxuuuulo71,0.32,337.47862249800187
89,lovqfs8bz9idps2zfksl4e5x4,0.35,130.5743055038907
90,nacidosdelatierra,0.47,762.9842647103802
91,luwjjie24r4apqwonh3cdmhrq,0.2,39.95880686971442
92,profimusic,0.27,241.20638041481342
93,edgsantana10,0.24,266.40414284625257
94,edmond.huebner,0.33,321.3961081959497
95,kqyq2twocugatgwiqz9i0i99j,0.26,185.4239436215576
96,21dww25jrcs65so442t2aveea,0.27,331.47773478656643
97,ib8ys2wyl0wb29354sx7t7uzh,0.41,533.2086896020821
98,c0i1sasofmbo7mz4omia3a2d7,0.44,639.9481794453649
99,1143498606,0.26,161.17269127089358
100,21mnpomlbuozahoysqsn6cuwi,0.25,194.51076072942283
101,svgajoajr1crsmvesxu5vk1nz,0.23,256.2032912137245
102,klangspot,0.51,381.1580841220875
103,szwr8rx97ge4vckqta0lhyj6f,0.29,322.9327598884018
104,ph0q7yeawukgx69oh7o4evgb1,0.36,341.18230819723993
105,jrkane509,0.22,128.34591082586394
106,9hxudgp7g3lj0xctoae44xgiu,0.38,429.05453689386087
107,tropixofficial,0.17,116.74838693231978
108,sanik007,0.12,41.05411995870346
109,whtybpress,0.61,636.8143909116703
110,dailyplaylists,0.21,48.962903799095535
111,vef0enghlkvttd39ae6pepx9s,0.3,112.06915643908488
112,itj985xolwzgduokr04r7lt02,0.33,469.08971901265215
113,filtr,0.16,92.21040870632244
114,toplatino,0.21,383.1538212399963
115,allbassnations,0.43,574.5066320856098
116,allrnbnation,0.11,493.4345611512044
117,allrapnations,0.23,72.49077284798126
118,allindienation,0.21,420.5807286288585
119,nslangford,0.32,182.71246109314654
120,rapzilla.com,0.31,473.71285070237093
121,bxv6myddmviz546hlcxia9t5g,0.35,593.8688248801068
122,billieholidaycmgmusic,0.71,605.0011872607847
123,billyjoelmusic,0.2,302.4397795650777
124,bobdylanmusic,0.3,409.6200640409554
125,brucespringsteenmusic,0.24,480.36597338879784
126,elvispresleymusic,0.44,387.82474457509517
127,emilgsson,0.4,527.5825278716774
128,04cvkc5d6qs5poe9mua2u4ozu,0.27,516.386035551123
129,dd0816uwdh7nj6x29d29wk9h2,0.37,824.3616507725551
130,1243300775,0.18,119.07699212061544
131,1213186759,0.23,56.98835990964095
132,ml.byrom,0.16,278.85346916579664
133,1212131289,0.18,145.3649115488787
134,1213418294,0.16,57.04941790858955
135,1285020938,0.26,84.40655854978212
136,wandwofficial,0.54,700.8774516975809
137,hydu9utpybs27y6ks207c4r9q,0.37,444.8191437130044
138,st43cpizqgxiwqr5z5404y1pa,0.39,371.1793695481125
139,biprecords,0.32,625.8881221811413
140,imatolo2002,0.35,771.6533369204452
141,4h4f8syffhdqp0vqjpi4xzq9f,0.36,595.4051331555064
142,qbtqx45dlgarj0pz2nq54zy6q,0.22,411.7759686061092
143,86i98g8zh2722dm6sllzia2ue,0.28,567.0915550691952
144,215zqnjfumcoxmt7iugohgz5q,0.39,713.0101065042279
145,3byj0g1nldttycy3zn8safu6g,0.31,437.2326036022756
146,22geympzgpcckueuh7ry6rvqy,0.14,61.37774137576353
147,11121100731,0.3,284.0300280738596
148,jv0tsu8cdy93mqk6hbddn7s04,0.18,274.5984205603209
149,kjx8e5wj4vulaqas1hgvjujh7,0.17,345.0274194876731
150,edmhousenetwork,0.46,593.2313557018338
151,1225102279,0.19,61.19105413090458
152,11100723407,0.37,461.04898364070533
153,maxx.i,0.28,173.05765186444472
154,ndxaeymdx874f79gs4go7h5e5,0.55,404.41736808873736
155,jtwxjj6jkm00ho6b28hu556xy,0.17,668.217351788459
156,7wg2nz5p56zfpk617ej4akxgn,0.36,798.5111980646257
157,hannah.cheatwood,0.33,650.6275914970156
158,11124919118,0.27,274.87480567700544
159,x4dhrujullxp3fb2qjnnfh4w7,0.43,468.69251711102487
160,thelatestsounds,0.55,892.148087703983
161,1125352452,0.35,312.11652089668456
162,majesticcasualofficial,0.35,317.22996568383564
163,ekalimusic,0.29,331.4754135830265
164,theartistunion,0.33,634.0888249196628
165,jv5d3nyivs59hd5dp3iofhtss,0.46,468.90322412466753
166,klvhe9psjkwvxobx72gubr37u,0.82,1025.6821225692815
167,8gnu9mwsg4uzrsfig5i2ricy1,0.56,280.40681907144267
168,chris_odd,0.39,547.5974836730054
169,enormoustunes,0.49,733.7173623338632
170,1159402288,0.44,660.5483903331168
171,ultranovaproject,0.38,533.3986777632848
172,21lsqzmuc75cqkwxgy55mmqwi,0.35,401.8330075626662
173,uxtzcjs0h6cewpnljn8qnkxcy,0.28,185.12017534869548
174,arzh2zua9mml6jn18b0vis87f,0.14,148.84653638016346
175,lwreswhly30nb1ukev5hxbyfi,0.18,47.43960487093028
176,11132227822,0.67,665.8417702349203
177,vw5tmma4ehmfbin0se1ueq48i,0.23,242.90651624229088
178,3000digital,0.68,876.0347384449855
179,023vgk9misuj39ukij0b5a6s3,0.24,203.54109039942296
180,markmyblurbs,0.19,170.2643961549627
181,11147187535,0.32,252.3508370261387
182,x6uin6znk9f8ziyy9lgdk6o65,0.16,196.0842419603574
183,1114174687,0.32,611.7200450007488
184,pxoo9f9zxw2al3c41xmckmmou,0.24,73.58238161294682
185,newclaess,0.41,818.333660349086
186,cn543bfva4l4e8g7z19r0m69b,0.37,692.9449013910779
187,128794143,0.84,900.1130590117442
188,boughtsomechips,0.25,259.68077496548887
189,lu315,0.39,138.20245459504238
190,1284758178,0.41,516.2061740169123
191,cctz9alu6rn1hwut4bpz95e41,0.41,226.58058716106808
192,ibyself,0.53,391.3207404354823
193,nep0f1girgfzfpr177wo92ztc,1.22,320.7842409792795
194,suk1i1qhyoc594va8hexxnjy1,1.26,516.4165138965811
195,6fcmmztc3wty78chkhv0v34qm,0.18,35.88255812561917
196,223wrwigc6ebqhyuvli4ame3y,0.46,603.8757909691134
197,o68zf3dv2k2kulbgn4q04u853,0.21,115.90730552904976
198,rh2035ixuq5ma55qj5gba7cmf,0.19,127.7650752184913
199,nwmquej9ntdq04ug7wohk7wp4,0.62,653.3016884000447
200,1116059291,0.53,571.4198905549154
201,841yfd39s6tsx2mqikw63l718,0.19,174.59829043921906
202,imfrenchbaloo,0.2,129.45343250699972
203,therealchelzzz,0.15,129.80164565333865
204,iv6ibr59eagogqg4f6xqnlb0g,0.3,30.604597282834035
205,31w3yh3qzfgru5yyigbvozx5ewlu,0.25,94.35840552379284
206,8xa2qjwfimyu83awmq6gjjidy,0.65,510.6480521534581
207,7lsjfo9hjbgfux37dkmww1acd,0.79,665.9233474563961
208,1218171823,0.24,175.67302842932315
209,1142530492,0.71,508.0436385546842
210,jakeypoo123456,0.3,93.37361667175628
211,1144529319,0.2,194.7799622802699
212,53cyxj9p7plq7a7mbqm95cskj,0.19,225.98181021114237
213,h3wiwz33k3h0jwdt5coxmbhfk,0.23,97.65606056931445
214,5unrwsyk8lbxnsj3cljbmcrcf,0.36,570.6023959549523
215,1gg24lv9srsbl5pt5u9vvfocm,0.22,405.3456639644485
216,_decision_,0.09,144.18832812632695
217,qqvsrw2b1rd3hmklj4zqvrb7k,0.46,363.9324058607265
218,69h6lpa4370m89lwho9ufy45b,0.24,303.83485566535853
219,1264682808,0.14,97.1085756204046
220,triasofficial,0.58,585.2110408456184
221,fk3l6idlv2bxlqwdqxrrjmb39,0.56,517.4166506688458
222,xx57zugxr12er1c8drbbngkld,0.36,515.379571190605
223,pjxmd97jakh1abefjabsfwliy,0.25,652.6974442541729
224,sphereofhiphop,0.55,635.5545167471918
225,j17i1i49aoi7gsfn23oemdie4,0.16,334.8250548554545
226,lukofficial,0.27,442.07355508899496
227,erwe87rej2hmgaf26u21shgex,0.08,150.76932511654837
228,s4ibm607ta2vd7asl8p2ebnhz,0.14,161.66071943604163
229,xym2m85sr6fsvehl9y0s9omfs,0.3,365.178408402379
230,fo8f9ckwdwp1q6uyxzmunevst,0.91,631.6332804699441
231,1299551358,0.28,141.87184710877688
232,sawwarrec,0.26,89.6808565017976
233,11343276,0.21,161.14085246525744
234,12100267343,0.26,277.79766073855444
235,valencemusic,0.21,242.4893918968832
236,o7k8bpqrteoby6d130797idw5,0.33,473.9390263334853
237,differenttwinsrecords,0.39,726.1287705094858
238,11101372438,0.9,1022.028776158886
239,celebration-records,0.33,311.2511841259389
240,12122182532,0.54,440.1181196735423
241,12858018,0.21,95.0976280407838
242,2playlist,0.27,193.00472221408876
243,listdmusic,0.29,46.17298943886779
244,8t41frq5ckki12klecjbhetjh,0.4,22.345292958433085
245,1126587373,0.18,202.3116164422237
0,david_n_slater,0.64,287.58230111964826
1,11122252082,0.12,217.96171196409432
2,workhardplaylisthard,0.31,407.80054596435065
3,aashmehta,0.21,177.80344501411926
4,bazzdream,0.36,640.8095252299222
5,samcorrazza,0.28,221.4367797997736
6,unxigned,0.37,596.6692902093936
7,018bw17cq0aekcgegrdjnfvro,0.32,174.58824018417485
8,nastigi,0.27,118.84212888391373
9,a8e0esu00fdzekiuoahzzpnz0,0.13,241.007843349869
10,ofennel,0.25,140.25047346705108
11,k9zwzfjrmcuibq65jnmfk02hk,0.32,309.6492357329792
12,1241965319,0.19,302.1096697918251
13,ktm014,0.68,720.123980537355
14,31julfg7xnezrptnnfshv22aezxm,0.2,42.91149350888711
15,4ke3yp8dq54of3g46tg0y371c,0.32,612.4427295804246
16,5v83s3es40sgv3b3wjywcr5m5,0.21,388.561451802695
17,qd38drw5g9rgll0cnljr34tpg,0.32,243.43952663030976
18,7wb4w52q4hqjouycrtt0ymr73,0.38,578.422688325124
19,31fn2gwaap25uqr7wy75k5eszo5y,0.64,403.18159635873633
20,11165814426,0.59,458.0721900359427
21,b1dd93loveagk9fdzalnwm255,0.24,273.44893850166767
22,1165462490,0.6,375.9737881475212
23,21cll3stndxk62afeotbbjscy,0.29,474.6371136203847
24,9lmp1l3qs458s6amqsbb25fm0,0.25,207.37335123601326
25,fdfk3fhmfe6yx5e5507xf3xm6,0.92,858.5541310047133
26,manusanchezhl,0.17,138.7837304349003
27,jeddycup,0.51,330.69026305090665
28,savz8vts72hqdy7von3mqc29g,0.54,263.6966780565419
29,nalzpfryfddgx66cxc3vbv5mr,0.16,110.29770480228731
30,32biizfg4h6inom15150n3zxb,0.32,523.8044287522354
31,21ezhb5mw6r2gzpb5a733wsay,0.16,238.65440161273963
32,99lz94jbrrubbw6r6rvvnsvvp,0.28,427.242494255458
33,lc3pfu8yuotinsbg97zjo42fz,0.23,126.32457057844624
34,sonymusicnl,0.18,176.97356745538502
35,filtr.ca,0.14,151.98050384673374
36,sonymusicentertainment,0.18,443.77889825941537
37,mejoresplaylistsspotify,0.22,245.39614987585813
38,sonymusic,0.2,349.2681908033117
39,filtrmexico,0.19,299.11343675123084
40,lowlypalace,0.38,416.3804465057888
41,22o3n75bhgnpae3npvqjcfpdy,0.34,509.1678621192659
42,digster.fm,0.23,320.80755084155965
43,1241340025,0.19,264.13114848535474
44,1248033372,0.17,299.72817739092517
45,12162740034,0.51,231.1778497022936
46,124754796,0.32,167.6875054534009
47,1224159663,0.19,192.98983582526856
48,rapuls97,0.17,103.5436939290338
49,swdefrancesco,0.28,221.867215741556
50,1210667071,0.28,269.85130938151013
51,1258501800,0.16,189.16557946120076
52,1223494793,0.07,132.1837527138472
53,1224261712,0.27,121.36327528824327
54,digster.au,0.11,66.5907343520761
55,12870992,0.18,66.60822351289467
56,tom_misch,0.27,360.40245077921685
57,athensjw,0.25,106.84121544727522
58,mrc-panic!,0.16,133.37265901444383
59,karenkacurin,0.19,75.11210426310889
60,122728352,0.13,253.3393609247538
61,valter___soares,0.46,855.2586308192882
62,11157767070,0.26,411.14498496419486
63,bf04hngc7bjuwpvzgknxo5q0a,0.33,673.7374349036901
64,h9ktizija2baqjr8zw0vzr5vo,0.3,628.5638226461932
65,22ngz47ylqmjub434cf1lrwkk,0.26,634.6670350564948
66,ae6l5wf72ujl9qhnasthrx3b2,0.47,871.5412202351458
67,qtgnhmgdyogtzuc6fwttk8aan,0.42,822.3281362456293
68,vdfv9jaryenwf1ii09mp6qrjj,0.23,615.195812263569
69,6ogp04wbngt0us3t5wj6xv7nq,0.46,626.9703829890938
70,2016marcosantipolo,0.2,108.83122266556057
71,0fhvt0m1vhkl5wiz01329noel,0.37,418.5380658556932
72,1159979060,0.09,73.49332673205781
73,fbhksp,0.32,307.33608606121015
74,4k6llzcuuu1hi2ofgyxa9war2,0.31,343.8105570438514
75,crossmoth,0.46,305.4137231716411
76,d5c4oelnb6rwnlso2p7e1qi7w,0.26,173.91091516047942
77,41tkabkilyx2zkr8hlltyfmtg,0.19,110.81391535469706
78,0beng3fk6ynn9c22x700varkd,0.17,99.14601427982528
79,nwbhoiyirqrin3zoj6tsa8fpi,0.1,364.3744544668836
80,mdhkcsjfns0fn1xh0wsor8v89,0.19,167.55745871584048
81,nuelect,0.3,400.9831288623317
82,pdjlhj5pwa7c7nm8pfww13pju,0.23,147.10398051540525
83,12169281660,0.18,275.0752629432085
84,y9kqc3nebfjoyci4yrosmg6ot,0.07,98.9700223763641
85,0jys7eifth3i82rdkiuih1jtk,0.34,128.36081335510616
86,ve9970biuo9rc954dnnjfl15q,0.28,93.31887766461412
87,4fbt2mg0aikv8ivuc28u2muoc,0.18,165.2201396088998
88,z9cp5f0il9vulm23papdm2n00,0.25,262.9677804059355
89,nvy1l3fuhf2srit863wm50fyl,0.32,624.4156252716373
90,3coxqftp49wh3e07wj0tq01j6,0.12,80.07682005827795
91,8yng2ptktmo0csoo5oef3cozp,0.18,335.2558413675464
92,radughemis,0.22,100.37213698486799
93,onevizse,0.15,85.58404429395324
94,ktchoa,0.22,124.92901750293186
95,aqiyexjg1j992m8mwbzgjsrym,0.31,587.7471342677819
96,truenorthrecords,0.22,173.084884011835
97,parleone,0.4,439.9725879561538
98,officinasonora,0.63,564.9983359510113
99,ds14fish0lnr5bp3zrumkumhb,0.2,449.33076613578237
100,8nt0o8b6djzsdaw6ogljxmaqb,0.17,116.24725703418191
101,1222657134,0.28,291.6695431121513
102,wearediamond,0.18,711.8580707053114
103,chilledcow,0.97,571.3821819937492
104,1179690246,0.36,811.6352258210836
105,wukimusic,0.43,439.32391872362433
106,jadudala,0.53,485.65845385827134
107,djsnake_official,0.43,384.0601310875605
108,dj4b,0.36,680.2481207586147
109,lucianofficial,0.12,547.7430180459405
110,awonderdj,0.4,124.61037962581752
111,1251354538,0.29,241.26380187115151
112,ramzoidmusic,0.21,102.40291864434248
113,neversaydieofficial,0.59,619.5214242723408
114,slanderofficial,0.45,409.5821986811692
115,o2t1gachojvd9zpe4fznbrsjg,0.57,616.4337422500996
116,wearebrohug,0.76,944.1913509402465
117,fvckdivmonds,0.56,655.5396643487212
118,itsjameshype,0.54,845.8509983277742
119,jfchwv2q5gfzxr9ee8vdyebku,0.37,524.3147024898252
120,jackwinsmusic,0.53,842.4620491888942
121,oxenbutcher,0.27,450.59014821786485
122,zpwskc6zeoa0h9h9dkxptygp6,0.46,707.2015544863804
123,eonitymusic,0.32,253.36170404798983
124,8fwecnm0bvx3bpchhg3ntes2f,0.68,923.1435509332331
125,5ml9kjs1sj9deiwbjvk4tdmn7,0.68,627.972656760881
126,31figmscdbgftstt6jhyuo4nncha,0.23,57.600236104773046
127,zgk6mml4c0qetgqjdiow1z6qy,0.21,442.4415073633572
128,q50odtetqgrl1roiflwmsv763,0.23,322.0356361041653
129,5gnk1suthrjmi2fy4mx0oq5or,0.9,999.4865071880233
130,bokum8nv111606bergkax18do,0.78,958.7241625522336
131,lucasaf01-br,0.27,421.33107339475214
132,46540vk6hk2v5fh7zrej4rz8p,0.24,227.6529943914477
133,rpt4hecmlm0ak5vrhtqooq265,0.37,403.3843328812202
134,hxhgluszud3h27ensf9x736af,0.46,527.3151652519152
135,8mh5vjcu8uurb4nwn7fvzyg8b,0.23,347.89663486197156
136,haj99novo33p92db2zf2dswdb,0.27,393.785840667092
137,xuakvfi05qxb5dadu77o9udin,0.38,805.2399216051108
138,franpotencia,0.23,115.38786635606894
139,serjezizzo,0.41,629.0048897769633
140,hubrecords,0.5,867.0920595657415
141,noraenpure,0.89,947.4820532481567
142,sonsofmaria,0.51,769.5666547382968
143,31aofhkhwl4ffq2rfyl5gdgc2qdm,0.31,472.39014076721384
144,1pg9k6ug83tfus4pfxerfwu71,0.41,539.474606531936
145,msyzwudoikt1oea56jmzm5dhq,0.57,776.4282927290687
146,uoak,0.67,926.5628467253496
147,69wqbo1dhjwit0w11estf2c8i,0.41,586.1446598993778
148,7sj8zj2mq41yrtbqxl71ysrb5,0.39,356.67760706681753
149,7qot8jp1r4y7isf0fn31rgfpj,0.84,925.1557673074617
150,1125474112,0.35,493.4481893618709
151,dft73bz7owss3mncebwv2de9t,0.33,393.1676126841432
152,1156870903,0.38,563.8572546848109
153,wd7g8i2filygbks0sgk8hnj8d,0.84,966.0238005140884
154,5y1mb6h4t2qlq6f3nno6set8x,0.38,547.2291673470104
155,itstomix,0.37,507.660550623294
156,futurediscomusic,0.77,964.5161051806267
157,m9xmat215fxew2ehw7ozws8ws,0.46,853.1827966282939
158,oproblemaegrave,0.46,830.1917694108998
159,21ikkzjpsqgvcp4eiz4gpe7gi,0.52,867.0706581400683
160,2rq61ec2wepsfsnpoh9c8r877,0.35,391.32244921474654
161,d38sqg3bqvn9gljyderq6m787,0.54,561.810042402123
162,golddiggerrecs,0.63,799.9798293877983
163,o2aoshvsdh7q2041x8vxawkha,0.41,508.70292850285006
164,groovebassment,0.64,913.2375223582196
165,z0t82mlnrczdi5pnifrk81hll,0.4,749.6478299797328
166,deepwindermusic,0.32,631.7331294850861
167,iczmxwz0sicbu4kcrho7rk1x6,0.57,1020.8888543288216
168,delicieusemusique,0.54,416.6842933896745
169,128098354,0.5,520.2232685477238
170,wtqcx4bhr0878brhugiqm5ms2,0.31,518.8904160143842
171,repatriarca,0.49,529.8250605101939
172,l9r9hmmkge8xhe8qf4pm2lpr0,0.57,496.6394548229756
173,22p3x4yhr6epnrp7aqn2mxlji,0.86,702.5848533010097
174,digitalempirerec,0.57,769.7931496963811
175,vonmogermusic,0.47,849.858344014297
176,1113561406,0.45,474.09275158984434
177,promotingsounds,0.17,230.80009377852195
178,diauajt2b4424wzaqquov5gk1,0.19,644.9073404726271
179,kpu7ttyvk94i360ju1ym63upj,0.35,431.8478768813755
180,chalkyboness,0.12,277.1176792413724
181,a1pfgmui2jrxh4zngnw51wdl9,0.75,870.2412071336176
182,e3a8zf77n5t72w84tp222eusw,0.35,435.62115927195725
183,xt2uxptv6tjx9on8kwibp7cr6,0.28,179.77538367392194
184,gotheberg,0.34,250.0689727424144
185,w7boaiq3963j3uh05r7bz1fju,0.4,401.5471357878672
186,2e0v7f11g0h10suxeh31cpajs,0.21,330.32418096895293
187,zl6lla0drktubdcszk989u8rp,0.28,280.6424536937447
188,1172220282,0.45,244.8284642243093
189,1164632070,0.32,326.39679720096166
190,ji467iqf80oosm0xwz0t43re2,0.46,388.3802732512765
191,kyumzks2dd2zh07axigcnxy0s,0.12,531.907912998183
192,1115724583,0.71,488.1400974205561
193,12176603473,0.32,313.839764851258
194,bthm8wk6oe35pberya40zlmge,0.19,74.41356186375752
195,eec9nqgd4j4h5ojvhfu6f5l9o,0.26,267.22590086240086
196,os3cfo5nma3kbzgbk6mp6an1a,0.28,160.96479200658638
197,81bq02huen5wyxq1xjx2pjbf1,0.24,220.4282339562077
198,22gdct3afm274krpud2znkwcy,0.39,378.4591417123925
199,gys7b048f0g6ikrh4gx50cnlt,0.12,56.40651058370553
200,7u2ybje621fzc0b847axac8sc,0.6,622.9483630364992
201,5w4vexyjtuzjsrrr4mtb89388,0.65,411.665527080854
202,ptf68083wtq6b14v90r1a37fp,0.31,359.97605866051833
203,4ssbwsitp2c105qcprm7e626s,0.22,105.0700393881444
204,4fxodm5om0mpmrkfy9hfc2xps,0.25,140.5562391629062
205,th6ygneeg9hqtfqowteawgzwl,0.21,90.21589597643538
206,vnzetbd8uavzyi0ffhoo0oysi,0.25,125.8408385510177
207,1c2xcsgyd1on4zoguvo3c29y4,0.13,192.17929243282987
208,11fdo9glygscn2n4hfyqy0rvo,0.17,33.689480889653524
209,yoyorda1020,0.24,189.69318177767414
210,kzn0wmd5f6by5declq4vww39f,0.23,244.75092505582109
211,5fb7jhofed6m6j0e2169aq5t7,0.38,549.0464441998935
212,kjxlawv8v4ejs1kms8zl234ry,0.22,131.96782192446958
213,lolareyes2000,0.18,249.36545462792733
214,eightyninety8090,0.25,130.8353801262596
215,5jsdms7r70gsaswnvu47argzl,0.31,259.3786663964029
216,alexaddea,0.34,741.7163278276663
217,p1gkle9p89w1xldoq3ytk2jsp,0.79,912.931565281425
218,musicgateway,0.24,243.6246256572713
219,kj8hk1v3jn0nblywelncygmer,0.23,351.85580332253465
220,1178960486,0.25,314.34795220835554
221,adamscottheaton,0.95,948.2331849701108
222,1121901622,0.43,333.1248062265915
223,jippiex2k,0.86,801.7749061699785
224,barrysoriginalblend,0.49,338.7410971224288
225,64yaq4gfzb3mvay768i08m832,0.88,615.5308873543551
226,orel1qnhcce3d3arl4hnqzfo1,0.3,199.5218390601918
227,t7v6a4k2fp6u6rvmeeniq6p0d,0.47,385.57943436226304
228,22cz47c9z49ai9s56lcafsehz,0.2,70.35602147357869
229,9ixmfw4vs0379fns11sqss9r6,0.26,112.34292828716788
230,zk4059crqm1bjazueppcnqqud,0.36,479.5838871045471
231,azzronulation,0.77,546.4170438106696
232,ir59laifeuuq8cvzexyeijqgp,0.46,435.1005961098913
233,22xa2tiffh6n73ihdknqm4eyq,0.87,475.7843317815162
234,1186945963,0.77,531.6062369213058
235,21ofwii6rsoktylwphluomvhy,0.54,450.13655025497854
236,kepchullah,0.23,409.29333427433767
237,1257891495,0.13,186.66960813211773
238,rrkrumins,0.27,219.7535367705056
239,risebaileyrise,0.28,144.62818927797562
240,1240053425,0.67,413.3305213172769
241,almatheatre,0.56,473.4632935301173
242,nibrneeeq8zb4cwfqp3wf5ytv,0.27,508.91060969941805
243,1171170259,0.24,618.0943382345641
244,1296517841,0.29,178.58517727454492
245,pmfojcu9nw36zvdwrgoviyxrd,0.16,278.25634478306995
0,u3t2bcz98s7sfim34svvws3iy,0.26,283.78054304505383
1,g3rortuxyqju93m32z3z0s9mf,0.18,214.12662375930358
2,cashmase,0.15,161.50517809618518
3,hlx9anbs73d0r6v06qwdq0gsn,0.21,483.9907593032517
4,21kky6m3d7map5zqd4g47uarq,0.26,421.824395730032
5,122881276,0.24,178.73818286004087
6,2l4ejc2yr4y4owuhr3k8a0aac,0.28,200.44729122962295
7,xha86tipmns6phvvoiuf67gsy,0.31,109.9829681714779
8,noob.scw,0.2,82.83343241221081
9,theswingingturtle,0.23,299.28922874761514
10,11187156787,0.27,265.22131158705054
11,rainbanquo,0.17,144.99033124646454
12,1276640268,0.2,98.68345330994649
13,eliary123,0.1,97.98382158759772
14,allanmoura1,0.15,465.2681414410293
15,p1ebwx7jjtjkqo3yoo7ml8r8l,0.17,224.61237735321046
16,cbellkep,0.13,212.15588829489133
17,21osoav3gcnkbuyagdj4cthci,0.16,61.27206136490679
18,szhny45mgwd5env9uzusoedbv,0.1,151.08693127658162
19,22wzdfa77jayuly6ggaxa6plq,0.25,181.6142431520476
20,xecxyij55mozhl87xpv93icw4,0.2,116.65541517665977
21,indiemusicpromo,0.41,244.70317892748957
22,w12jky51c03wildfb6s7tn9xy,0.25,141.1468954221621
23,jayhonest,0.2,233.18750225054646
24,jfmqo0g8mtgg928lkoos1g3uj,0.26,144.35013017308088
25,1245697836,0.38,549.4078180343911
26,ex7yly13bmwt0rk4396haogwc,0.21,186.24272581423514
27,iamsayiboy,0.13,242.2384370119866
28,md8rbtlvqwu75wvqpqxqqdg2z,0.22,34.61312619999116
29,119306811,0.57,592.6852248727981
30,21cemrxoh7w64ve7ky7bdqkqy,0.24,318.1274193562506
31,6ejxzneuch5w38vj8bs2kkh2a,0.15,179.58204487027794
32,0lec8qco0eaes3lyyycre9mb6,0.22,345.57369001719184
33,woyodw7qt0hwneudtbf4gotxw,0.35,344.13283413309637
34,bc3t3ftzr4jygp05z9bfugx9x,0.31,156.43685655843578
35,1240231910,0.21,587.6745132141826
36,jochnilo,0.27,181.08061836059574
37,go3ldcv9phluwsnw3584mhc1i,0.31,364.3684073692769
38,nt71phz86dkxvxs3pqx6qz1cm,0.48,549.1980086587383
39,8sed9n18dm1h9v6lgcesofa8e,0.29,247.41234977610173
40,djcarstenmichels,0.34,570.4400917503554
41,cfehup1ku26h9hrkjc3wtpshs,0.71,466.57653430119484
42,1255900234,0.32,323.808154103323
43,1168743619,0.2,187.07607913796383
44,pci04f41yz3244hqh9zaexotx,0.38,310.54666286069266
45,py4wt0il5ss8aa3ygdtmkpv9a,0.28,238.33767652522425
46,mnc45gwm4p4bj1mxo1j64ssaw,0.34,434.4284885117708
47,roamfm,0.26,54.011345563079615
48,jsq00o76wnwjhzlzoro4x8nt9,0.33,612.5279089812128
49,124245076,0.44,424.1717011026448
50,31k6xajclhq2t326a747ybdbmmfq,0.22,139.33647123437248
51,31plch3325olivlayxmtxk2y3av4,0.28,323.96495600988584
52,8jd6episb1zi3m9o5ez0sdug1,0.22,162.28099142837652
53,12148144214,0.2,165.71241555131118
54,1214549859,0.43,256.93931531780646
55,m20wl888vlbaoji9p97a4u5v4,0.33,762.7037748417888
56,il0h8137x4g7b8r7j67qo3iet,0.15,111.64555338267547
57,rocknrickyrialto,0.17,138.783325159172
58,fire2k_,0.21,118.20081519822378
59,p8qkkc8m7yayl9mslbr94mmr6,0.17,120.56782382081491
60,bowemusic,0.2,62.63909865267771
61,4gncwr8g1676uutotdr329fg0,0.18,184.3267379183356
62,1262549111,0.18,245.91516908773482
63,22fpcb42sgxufsbzihmlwzeoi,0.36,405.1691080024142
64,nrlrot3bbc7l5r7f2g2wovvn5,0.25,282.0303574256341
65,8a974dvjqq4044mqxcf29wil0,0.23,475.5596066126286
66,cjehat228dajxgma2vo8kxyh5,0.33,228.13765942352597
67,dor7cmlu5cn1dki1iqagc2ba6,0.68,768.2950952283701
68,avaliveradio,0.25,29.04690999032248
69,steamphunk,0.31,609.7887974961325
70,duv8z1myewkefwpsifresklqf,0.65,332.1119616036602
71,9wham0ek4ukxlq31a8lwg0u5r,0.19,88.079356841034
72,3z2mp3nmndsoxu91czf4hq632,0.39,569.3692123668505
73,gpqan7minp6yeh00gkadcgd9j,0.33,203.76156040140893
74,michelle.blaho,0.19,177.92226668738346
75,h0ztwq6b5rb6bk94agmadahtc,0.29,223.0006216264161
76,12156115892,0.25,55.20841370408974
77,qfph2kdkzekz0hyyhjbp1riz8,0.32,222.56025762972808
78,jiks93vengr5oh68ivnlm8ryy,0.31,181.46846607223839
79,*beloved*,0.7,344.1107602213765
80,jamesdavidprestonking,0.62,484.2175391901857
81,djagentm,0.21,119.61212282440987
82,nvtbzuxgpxogwrtmyfpt1xhnm,0.71,725.5669116247432
83,skorne13,0.62,471.90352837751885
84,ohebsnvil45svaecfq0qt4beo,0.48,386.05675274239366
85,michikawa,0.95,632.6032877171572
86,a1lr3ar8rwr3dcvym3pk2e6g8,0.2,282.9302535105373
87,1147975934,0.29,302.44695899740367
88,1218020162,0.27,293.38593767966285
89,wv2bvlvxqelid1pk1cj8aj52w,0.38,737.7675270225649
90,es4n7w8q8fnchb033eu14d3se,0.33,391.25858182121766
91,1rmsuwfb8ctk6iy7qeueqxpjn,0.22,190.4398019193825
92,1126310257,0.17,187.25527108924862
93,a174u5fw2y057anjvvkz3kl6p,0.41,787.2286918083101
94,2z9kpltmnhnvfcn9mgs0znhni,0.83,460.8919815403017
95,sidelakellc,0.2,90.99028829308494
96,21zgqp327cusjwbgpdfo77niy,0.33,289.09834514286644
97,1229887948,0.32,135.43935429811623
98,mcsonicwolf,0.8,692.6681275373033
99,ayzic,0.47,376.9753941069968
100,8yer29j71ymfs0v1gdmgx3b7h,0.93,509.8542186706704
101,ek8egnmk26lyg0ysru5uorieq,0.51,390.3294566309823
102,86vqk5cq0ag1yqpjjl30etvcw,0.84,500.01641331248675
103,11166714626,0.44,749.6522777793417
104,vt4utwnb457cc361zjbo3snfo,0.55,912.6297226838783
105,epidemic-house-music,0.51,795.9157926868611
106,1fxvgm3qr8lqzv1wppd6gsj6c,0.41,707.4065297718314
107,xtzbjfv6ctxkv7a5kb80wnnxv,0.41,671.5343487678808
108,squalzzofficial,0.33,411.37268261753263
109,8s5820joogzuu58gevxl6sqw4,0.29,537.9946739959306
110,edmembassy,0.71,682.5493536195851
111,pmd1y91f3lym8d7bokgp2dlxc,0.37,672.9763313896857
112,westwoodrecordings,0.4,382.93580039205483
113,g50zgqkitb9q04u3k1f4kc6cm,0.39,500.0067371739038
114,ufo_recordz,0.52,827.1795847533732
115,uspgntpqvybcpqa5ry1uklrpq,0.37,592.1675367105547
116,22napmyzzaqqhwg7gcdn6ywma,0.32,478.5519339380549
117,rx23lt7mlvr3doov32i7l8zg6,0.31,399.3581080937044
118,p43krc78as0hwowxwj8pvwhvh,0.33,458.70478459551566
119,markmcguire2525,0.21,490.45507050756765
120,s5cqzxg8lsfq4hwvrivaa9ad6,0.19,42.50520898606072
121,u3b95uj5ubdf6axgmj8813v9d,0.21,144.3996106801597
122,18yz0x3iys87hfzfvkhwxbopv,0.23,258.27925838394714
123,31aoe2743icsre6eykhzy7lqyzg4,0.35,250.6149231044617
124,pnv6te3zwjy6lwd32a3dwb2y5,0.17,357.27682702732994
125,dawz0r,0.13,175.30078608676843
126,88bgvad27d0wi4aawcsnbxs3f,1.26,789.1585187496594
127,oy13j90x9sykocejpxq5l84f1,0.23,354.19323953353205
128,divusmusic,0.22,161.4025438759184
129,3xutdjd9lhwo003y8ppq21ef9,0.16,223.39329461225756
130,lpzchris-us,0.16,73.72119624334275
131,1239962205,0.32,211.39699115157865
132,oqnumsmsxp2xx2a2luokdxft0,0.28,261.65634432483637
133,discovernü,0.22,475.5533542027871
134,vawxe7nt6mwsrlzw2njr3lv4e,0.17,122.10140156880978
135,longliveklaus,0.83,841.7324731113414
136,1130474602,0.16,49.162754340256434
137,u975d38t82fjfnk0rit4ftmxi,0.15,338.15211418189386
138,aarq9osz6y04c0b95e9le0fpd,0.19,45.8717019721316
139,1mc7axha4hfav6u93w97rphxs,0.24,124.55810489399795
140,12143846280,0.24,161.1497268194352
141,c20jzsvojri9qzl8jgja9njvz,0.21,346.13835938544196
142,nobleharrison27,0.21,134.50501353924142
143,obrrre72hc1w1ntf6zx7j216o,0.66,516.1943177972702
144,1146440401,0.18,114.02230354251213
145,m9rc1d9czvlv16aos6fa31elp,0.13,105.01796251226826
146,xt4nmrm9b9mfnqaprzo59oi5l,0.24,53.361788115861216
147,1192865872,0.27,103.81332717128471
148,31omgwzjbnjw3rtsxzo4bzda3zs4,0.28,381.5659897455794
149,sirjordanwaddell,0.12,54.506341645865575
150,dittomusic,0.16,213.17076428253486
151,xunemag,0.4,485.4277240493712
152,j6g6gao1yjno04iamewot6gqs,0.18,328.3538216250013
153,i0yqel1xzjw2ej5iu0ftszud6,0.44,248.7282152129396
154,5q1c0b4x9oaqx0eqw2dx4vy40,0.3,464.32261922173865
155,12127205699,0.32,335.3528939642473
156,jdharoldsen805,0.15,132.59386837241254
157,ux1qw08qfbmn652wm7cj43wum,0.21,200.75555334786628
158,ft9jdg92ybdo3u2rp8w5m1xnv,0.39,355.43809385640367
159,4qnmezorapdajajqz6bpj6s9a,0.47,228.1968320517976
160,tjrobhobvah50p5joa13u7y63,0.25,242.18381398315896
161,aofd3,0.59,348.50962469476735
162,misterevidence,0.3,422.8920682518608
163,amayaelidani,0.26,136.19587145425194
164,ændy,0.23,115.90266156588288
165,5ewz15z68iua1lluoiqiiwx2p,0.27,217.3244466192255
166,12100215924,0.35,642.7301542456797
167,1151423835,0.2,248.27749237215042
168,11163784827,0.2,103.60111322294142
169,madmartigan16,0.25,248.49917329961292
170,egl49kkmh39ymwm16sg89f4ix,0.42,460.2565703020516
171,g1jui61jtqtjogfqyyswavoc0,0.09,279.60079048446084
172,slimdog27,0.55,419.90179939827516
173,22ouqri7lucpd7lxxsnf3t4vi,0.17,152.65950136022482
174,1152197740,0.27,110.48026915810571
175,sqqi,0.16,188.3779211560968
176,nykxmuzik,0.16,101.89896652546743
177,yeywjb21nfd7dlmcpvd26koia,0.46,674.2754435205308
178,z7xx6kv6huqrgc04ih6tpeiz7,0.21,150.50918566090309
179,1199988877,0.41,417.174273322448
180,129376585,0.21,258.3746485379288
181,onvfivdlrjb5junk4z06ca7u2,0.2,58.96577582761016
182,avio01mj1zfgp0a04p6wb6y1k,0.42,503.935141452389
183,12153091552,0.14,220.63867366934653
184,g9hyus16wmmlyglclg7xjz88w,0.13,154.97535003034832
185,joshuamjessen,0.41,446.0013983259744
186,6ltgym1w7cnapkh8ptvwfwmt5,0.15,321.2877046935096
187,nq6j0x6dovztxhc2i5vrhvee6,0.1,253.8898242744994
188,mnyedyc2i5fwejcg51tr65s2j,0.14,119.73160952643637
189,1283297927,0.22,292.2136518267624
190,n34ujb08aurbuht3xxe55486o,0.35,474.33811894137494
191,duysorandom,0.17,173.64131993109947
192,aschel2010,0.23,388.3125092352172
193,e2jf5kbgzxc615k1yfijnspfp,0.32,235.90563202364564
194,y0k0q2yv6vvv0uky8y7fre29w,0.26,184.4446066450849
195,8l0324dag7nm3ksbeky9iozxr,0.26,306.551714265746
196,ithaaw3n8jgrrp9hj0vm3o6x9,0.29,283.4649759278988
197,5ywuqz4w6mj63yy95hjma6k1p,0.26,198.0096584739522
198,mannyarber,0.14,49.33706404355886
199,adanazag,0.18,20.879898702116265
200,lancejoshuadl,0.12,146.45257126591525
201,popplasticmusic,0.52,341.43765144554243
202,swiftcoentinc,0.21,56.47358978756936
203,smo7u3pm1wl017tj3beqd04ww,0.27,543.1231340150097
204,172ou0xrjlfqe08pvt8929bvw,0.18,233.0931739345704
205,wavecache,0.24,196.14933163972248
206,6fbfr5ao6dnez7mwcebgedqua,0.26,208.09035127422246
207,22rs5hqz2ofgvxlxx2yeq3j6q,0.3,132.09177265857386
208,actionhero23,0.64,535.0993237326684
209,eeats3sf7lz0vdkujc8ooyinn,0.79,692.199963023636
210,1254636338,0.16,54.67807504137576
211,b1v44ffq29hcp8hi667kqlf9r,0.23,326.4026412766757
212,merlinmorgan,0.21,27.522661016387683
213,hagustasbwuguizht41knv0d1,0.42,732.0643671163872
214,1111320434,0.35,620.0404697428338
215,chill_masters,0.48,560.4822395413732
216,marco.cardin1990,0.28,591.3991979829309
217,lefuturewave,0.29,564.556541038334
218,bobsmusicbox,0.5,484.89268307633057
219,s3lfxzowjd5d0rpb2mw5yikv0,0.4,574.1766708936748
220,2u04jn0p8niegvo7ib6bm2lj1,0.34,225.76819461884156
221,bagigetto-it,0.66,681.6003242810873
222,y3dsxd7b2j6e9r3go3cvxs1vm,0.67,732.967133450425
223,21nyfndkvlznpmojjokel7rai,0.44,827.434386433499
224,djalexanderv,0.41,571.6458460329703
225,ftrf13rm9wdw3vy3tghe1n4j8,0.15,352.0204397762819
226,u8dj6j6rclzd13q8r3glw0tz4,0.15,28.064241709104646
227,jaymellz,0.28,351.5058253030677
228,11137824602,0.22,158.7205596503563
229,zd528uqdpa5bnyv7cbeka94ci,0.21,65.86553222849174
230,jq74fbo4etdnda8vem7vrqd2q,0.14,177.63252856114926
231,1281170391,0.45,252.79953227150543
232,p6gi3ut4vmzgoaj1927nxugqx,0.34,104.20331219536536
233,12172782523,0.24,145.13538229704213
234,l0gou30okja0ednuru9j2c2kf,0.15,170.41940393394236
235,street_science,0.21,220.19273487875057
236,dbomusic13,0.19,157.08257828095083
237,ruupe44,0.34,523.8680323356732
238,1175524570,0.8,302.56770064844164
239,kallopsia,0.11,175.38345754155273
240,117832757,0.55,303.7479525736275
241,francorosso78,0.43,598.1087298870667
0,jskett,0.34,313.22124376977797
1,stringmaster1234,0.5,477.3428101436224
2,x40fn74nzd798rvmpy6o5vue7,0.97,576.1575282808167
3,1299942493,0.13,45.11027263367321
4,21ilcv5pjg7ahej34bqvpgf2a,0.23,272.04403075140044
5,xilnp3ldagjkq38m8c8se5x14,0.24,266.6408231499921
6,21zg4rv77aorjcstyzll7pbvi,0.48,342.09607501069
7,enilsounds,0.25,294.8666282247568
8,stoneygatesound,0.36,211.74140328628098
9,21hevqjvu4cf4cbzyqpxp72aq,0.34,534.7379334949292
10,12133791182,0.15,322.64112085231653
11,22ndlp3potcvzbqysqbm5zzdq,0.91,503.8285639874762
12,31lnvu7gvhagyto3g4szqpyigmx4,0.22,163.84761259345382
13,11101267157,1.08,523.964293063647
14,wl5b0pnjmlnszz9x5o2gnrq44,0.39,290.44770866118813
15,gtavanoit,0.37,239.73260763795517
16,6vprurorx7zcfho6ol10w8njr,0.52,531.8851181470626
17,amg-music,0.31,260.91711348553537
18,sxeggah4v3hve8lfgon6v6a5r,0.39,698.3987433432301
19,214cffjmjyv5luowshuf6teaa,0.48,917.6635199157984
20,12165573553,0.47,861.2266842169164
21,xrh7zbww2i87sabi66g3bit8n,0.38,347.74609056460235
22,dtaot43hiz758iwpi1kbx5bdw,0.35,797.3409413467681
23,zcszsah76l94tltmiget761mi,0.49,937.9453977745753
24,zgxbllno5ylnwmab4qt6s0lso,0.32,452.2079824059404
25,bombsawayaus,0.35,301.44393562410227
26,sativrecords,0.43,728.6034099350368
27,raq07cbyjnwo82g03epx1k9er,0.34,530.6152618418265
28,djjonesvendera,0.48,716.6478028155929
29,daydoseofhouse,0.39,713.7564536793367
30,lplvruo59uj8x538o6702e821,0.17,424.4891230602455
31,deraj18,0.31,109.53201214894794
32,21gzy4zmz4oxluchyp6yl6yta,0.37,352.13070231031037
33,obny8iohr44m9l661j60lahjy,0.27,170.21243013118175
34,1175865823,1.02,618.1921271582441
35,reflymusic,0.33,166.96630605871744
36,115338402,0.28,73.16065097385801
37,bjf23244hbxx5007yxyankaw7,0.48,464.11830516388324
38,*shenanigans*,0.33,432.82243937363603
39,1155692635,0.25,99.15862531948507
40,gsjalmrl17xkg3tdcdo3iu7xs,0.41,552.3401352212471
41,11183336267,0.34,313.985173996208
42,1136685024,0.21,83.1474467326307
43,oj1n5c2jjps1295v59zienynd,0.74,529.3165732546928
44,wainjah7300uok7dtau0e0i71,0.47,351.94922136804263
45,qwgz8sxspi1x1znkd2lwqg82v,0.76,590.6152659296514
46,12u54goplg52vduvf59q3f2eu,0.87,794.4296682615353
47,21ppgf2i4zdd3pe6auwcdzg5i,0.33,380.1618712513691
48,1shvjycjz1ed35jcf4gz7meti,0.84,561.7147000328875
49,lycheeonthetree,0.89,649.3926814922036
50,2larloavzmf0bwbb9sr7gdlwg,0.53,299.9530490984785
51,nii55b6mksmztblhpr4u8c5hu,0.44,360.3628669541041
52,cz0vs1u3f2z0h6085ck98emm2,0.63,443.775680776252
53,whois4bel,0.37,354.85972402970117
54,21favjitcvsvwhwuu26hmof6a,0.17,94.01473111782559
55,oiw0n3k59u1n4ez9dcerti5dv,0.82,587.7224627591421
56,11grubbsc,0.2,189.60607560636643
57,flowclark,0.39,219.56517327222824
58,22a6wjllfnf77v6xpktz2mckq,0.86,652.7058553263278
59,0lwdinamxvbwbik83xg88lz4g,0.24,219.6582070537525
60,11133356168,0.52,295.77293595365745
61,8uonnxpotirzjpfvuev4zd4tt,0.43,362.0757815872715
62,marcospaulojj,0.24,232.5568308339701
63,bolierofficial,0.37,586.9144760049603
64,tqvsvhs4w7mbtaogw5jalaojb,0.7,918.7860513733812
65,1189278958,0.32,134.35263982997526
66,maharamusic,0.33,541.2120659798194
67,tofuumusic,0.3,290.090709327981
68,1169078408,0.41,316.73626402971934
69,filtrindia,0.1,220.86988727525002
70,filtrmiddleeast,0.22,258.52925195693143
71,absolutedance,0.11,156.72893916395827
72,russelista,0.25,175.15977969276412
73,sommerminner,0.22,148.37252254322394
74,sonymusicuk,0.18,100.56843344727908
75,yiasmpm7w3t8br735lw7wl0jh,0.38,758.7293009448136
76,youthenergy,0.48,777.8836979895627
77,udiscover,0.13,117.51314889041686
78,1211317742,0.24,117.37279302179114
79,rendcollectiveofficial,0.25,545.2034308998383
80,123452437,0.13,160.95281665848043
81,psaltyrocks,0.24,125.15076432954716
82,benrector,0.16,66.86349234064711
83,auxlondon,0.29,706.5644679435643
84,codeko,0.37,400.6916555526381
85,armadamusicofficial,0.5,769.6183274724137
86,1227756762,0.24,18.1810746166234
87,robbyhauldren,0.27,283.33158291112085
88,twofriendsofficial,0.33,420.9513984121563
89,artistintelligenceagency,0.36,309.56342975546454
90,thegonzilla,0.25,94.09401725671349
91,stevenbarrett20,0.25,150.18841449368537
92,1210963719,0.25,385.86410741619056
93,1248682159,0.08,119.90471878366381
94,wearethein,0.12,160.340434631868
95,best-of-the-best,0.21,201.1382949308109
96,1284752161,0.2,58.567931879960184
97,motorcitydrumensemble,0.5,729.0696467184313
98,tugcerd0gan,0.18,248.65341924597863
99,cassling,0.15,92.22533724168983
100,warnermusicus,0.2,219.1670733291563
101,bekypequi,0.26,176.19528473457362
102,jappanigga,0.27,273.71580475095345
103,canaloff,0.26,135.68381336123804
104,thedrunkencoconut,0.23,310.6509739046888
105,rgrmpbmagb,0.29,88.18549209196553
106,ana4756,0.17,180.8234625082196
107,kikakris,0.27,145.82382949222082
108,12159920175,0.3,407.70586368917054
109,sodex234,0.19,152.93429008601515
110,getthesoundofficial,0.29,573.4112877576764
111,21hsn7mqprb3gmlqme2yjwh6q,0.3,643.5369737443807
112,yagbffhs82h5it4kdqhxj1klp,0.33,438.7467576329356
113,allthingsgomusic,0.16,154.39073286263599
114,ky9tirqvhnrh28fpiffrcat6a,0.19,622.0669526917037
115,22bn7w5dofw3oifazh4jp62xq,0.29,124.31773019020297
116,516dxmjjwn8idp12klk9mvdry,0.12,264.71335092505933
117,ls9z056r1tqug9fkci6nfzm3s,0.44,566.3554872565634
118,edcolman,0.38,630.4474099626312
119,kvmevrh47rherjkqdnxbwqfno,0.29,402.7588710056849
120,1g52x18sz32j7fbpvacf477gx,0.22,46.617671677744454
121,3swhny3w7e7hiqmtu6xbhcjkx,0.13,605.7930771609747
122,bs7mg2kf91zym6w7xz7bpnqx9,0.23,312.0436977544921
123,nc832m2sptj9ojvwhda3b6i9b,0.3,190.36348943708225
124,w01in15m5nymwk5sfvgww0fj2,0.18,45.77279506389631
125,ijtk1x3kyuxt03r7qlmyhgrvj,0.25,365.51282844634005
126,kenf9zvr388n1tviug1eubil4,0.24,141.62532634797898
127,gwv7j559u3bb2fqxi6j555by8,0.2,194.66292438549684
128,n5ogwqfj138doi3koqijgv8pm,0.23,292.99589374844675
129,c1hl96g1bbi9d5g35h7gw8smj,0.38,653.2845899344009
130,21ifzjxggdajdpc4w6iqxslkq,0.26,575.0479442343612
131,midranger,0.48,291.84506219720123
132,alvin5360,0.42,243.86712163702725
133,pauseguilucendo,1.05,604.9426320637384
134,n2k1a2tk388nyhi2rrybtenu6,0.26,50.502877897265094
135,12145820470,0.18,96.62276310580305
136,11163654510,0.34,393.8077595661776
137,q0382x49pqiluz3dqka0h85y3,0.25,262.9677804059355
138,earmilkdotcom,0.26,145.83126606507685
139,ram0nn7,0.25,329.28409868677744
140,djsmokemixtapes,0.22,162.14779856236126
141,12162399348,0.3,142.38914452552868
142,nicholaswgiannini,0.28,103.62561992187551
143,wildxtroye,0.12,125.0783539897456
144,willdesmet,0.24,118.66801514046765
145,21vg7jw5kj75mk7i25amepz4q,0.2,231.0451616748036
146,vc1k6n7vgyw6hydppj8p0l5xz,0.35,280.784140617464
147,mpentinc,0.29,95.35373111100763
148,sjr3ia0huqsjucay6crkwkow9,0.16,242.82729167403343
149,1163690451,0.18,66.64087279539724
150,haschurig,0.19,126.6493397833622
151,1125443267,0.22,72.2733192646827
152,williamhallstrom,0.31,318.97619549898417
153,315mkpy95nxg76i7babtpda8v,0.18,235.30994727241313
154,kylefall,0.29,318.61590167071626
155,22o3pxkjphww3fyoxkx4gozlq,0.41,494.0309218320089
156,1231751707,0.15,118.07115894183212
157,orangememorial,0.38,155.81423201610053
158,colligencerecords,0.14,496.9914442508432
159,st605d86gklcr1dgu7niyjw1x,0.47,318.1586847895813
160,1239264788,0.2,72.03232828205934
161,22jjynuwjcykbdnbids3pjz2q,0.3,442.4487398118722
162,dy5znlmtvnl3bvp7t7cnu7z8e,0.28,154.23544860508258
163,landr_music,0.48,646.9223972242818
164,1214891376,0.23,277.9328457471858
165,samuel_grendel,0.6,978.152961499197
166,bagigetto,0.66,681.2145641012715
167,oroborotube,0.63,594.8732328054748
168,jazzmake,0.66,674.4248178901294
169,i6qn3iizp18f9g6bhcr2ek1pc,0.15,163.14636321578413
170,vih9vuivzpl6joill0peuwhj5,0.29,482.12281288452436
171,0ky2g9adn8q5y7rou6qxp4akq,0.37,365.86252385674834
172,69p11cjjkfar3jiuq8aciecxy,0.35,341.0484176781178
173,jspcfk0bii2ci7pk9nzwe8llj,0.11,56.399028441591994
174,5lawj6jyab0eorynbterzhg0b,0.23,120.13768874283696
175,21d3xhkb7chz6uumvh4ygjzcq,0.15,12.031524603456445
176,126451161,0.17,287.277875508001
177,joshuateya,0.16,96.7100190057993
178,13qcvdcq5ke3cs9o25fps7oem,0.58,556.3708203811402
179,317ua3vn5xitbtd224fz6ai2ssum,0.17,103.32107210169231
180,g0qn486j4z0bhsetf946kqvev,0.26,166.24197332115617
181,12854791,0.48,326.81677121413935
182,onpointnetwork,0.43,310.8464318054892
183,acid_stag,0.27,587.4802270207857
184,melodictune,0.35,134.22718460874285
185,blindcontourcollective,0.3,368.26456980853345
186,sidekickmusic,0.39,435.00024951386973
187,primarywavemusic,0.17,208.39425353011987
188,31vuzjlctao6iggqbw54v77ygf6a,0.16,377.20537027068656
189,music_is_much_more,0.32,323.8100568198082
190,n1t31z0b4zohyqwdjbg5i3lh0,0.59,729.2042310281054
191,16jary9p274xv3uyq91e5wlnp,0.75,569.1652618651923
192,zedsdeadofficial,0.44,377.96338113383484
193,lpdov6eei8rr8p7ogwrex3kcb,0.64,745.9303146613099
0,cusyrc8vhl5qh5bfl6gjyg2pq,0.5,709.3575042887949
1,5ve9ioxsum3zie51jz0x2ghbh,0.42,732.7407629653475
2,phuturecollective,0.49,476.7462600689017
3,hstreten,0.29,210.30424859493
4,labelengine,0.38,539.4780393793577
5,bigedmsounds,0.52,708.2571240139532
6,lvrjxkd8lig8yosj36ec2u3u3,0.48,685.8633726624605
7,b9ec1os65v1rzxxxv7s57zvxh,0.64,917.0880639120356
8,keaneofficial,0.22,378.5000359876194
9,bxuus0gt62ggba8e9c908brob,0.29,266.1796645523088
10,dimitrivegas-likemike,0.48,601.7218270395406
11,3hipupvjf3povrb9gf5n4dmb4,0.24,221.76568969589485
12,smashthehouse2,0.48,682.619053250367
13,3gnsb2owlp6hbxucflll6jtdw,0.43,574.2124177676119
14,ziqvuikvkvr6up6f3aqee8z26,0.2,171.52952808981374
15,loopofficial,0.25,346.7182353563075
16,1286592394,0.92,479.01055321986377
17,planetsmusic,0.32,457.63360801158416
18,1112514284,0.27,71.81586996212175
19,ebhfrzimkj6blnyg71zoid4xq,0.25,511.2218821924656
20,i2bplor9jsygkwf4fgh1o4w03,0.33,409.98894109759743
21,ledesbeats,0.28,155.25174130167534
22,as6quter0u957epvu3lhrtqcm,0.38,520.3671194391324
23,alokofficial,0.41,856.5565891181581
24,suo2sbl91eeth3elwrfuq7qwn,0.18,262.0022266321727
25,1164036099,0.34,24.497095679177285
0,119317885,0.25,113.84961084708895
1,11133741784,0.37,580.2420576670859
2,11118199,0.18,183.8146176550877
3,el_listón,0.12,142.38317659772832
4,1223330077,0.33,298.4383382391136
5,sonymusicitaly,0.23,239.43016166994838
6,mejoreslistasspotify,0.18,374.6287037945291
7,114125244,0.2,235.26500166903088
8,12141613034,0.5,860.6718054507103
9,prettypinkde,0.75,956.4191523209932
10,jq9h4jnz0gy7rw610fgzt2s8d,0.59,364.8284375661677
11,straightupmusic,0.31,502.0802390195108
12,rodolfo.camone,0.65,708.2902132137649
13,clqh5q0fz6oesmyigsk6mq7eo,0.75,680.5308190396972
14,11171350018,0.57,1038.9729135268424
15,12156472071,0.26,326.08550139391275
16,qt1kseeiqay396e237xsuiskp,0.91,941.716228380956
17,c6cob6jgwhqjrlww3pmdcf8dm,0.2,199.25451586208808
18,musicgecko2015,0.22,504.91991835064164
19,f4qfqbntroa87lru8sbo10a4s,0.72,982.2810587046953
20,12148056956,0.36,348.05930796956886
21,jordanmalato13,0.46,829.5332461921047
22,evokings.,0.66,893.5495566266537
23,at7g8lap5eqcull4jans3q5ud,0.48,875.667843798828
24,twzrftt2ep4jmav87ndzovlqk,0.8,914.0140309959194
